timestamp,x,y,speed_kmh,acceleration,throttle,brake,steering_angle,gear
0.0,0.0,0.0,108.0,0.0,0.0,0.0,0.0,4
0.1,3.0,0.0,108.0,0.0,0.0,0.0,0.0,4
0.2,6.0,0.0,108.0,0.0,0.0,0.0,0.0,4
0.3,9.0,0.0,108.0,0.0,0.0,0.0,0.0,4
0.4,12.0,0.0,108.0,0.0,0.0,0.0,0.0,4
0.5,15.0,0.0,108.0,0.0,0.0,0.0,0.0,4
0.6,18.0,0.0,108.0,0.0,0.0,0.0,0.0,4
0.7,21.0,0.0,108.0,0.0,0.0,0.0,0.0,4
0.8,24.0,0.0,108.0,0.0,0.0,0.0,0.0,4
0.9,27.0,0.0,108.0,0.0,0.0,0.0,0.0,4
1.0,30.0,0.0,108.0,0.0,0.0,0.0,0.0,4
1.1,33.0,0.0,108.0,0.0,0.0,0.0,0.0,4
1.2,36.0,0.0,108.0,0.0,0.0,0.0,0.0,4
1.3,39.0,0.0,108.0,0.0,0.0,0.0,0.0,4
1.4,42.0,0.0,108.0,0.0,0.0,0.0,0.0,4
1.5,45.0,0.0,108.0,0.0,0.0,0.0,0.0,4
1.6,48.0,0.0,108.0,0.0,0.0,0.0,0.0,4
1.7,51.0,0.0,108.0,0.0,0.0,0.0,0.0,4
1.8,54.0,0.0,108.0,0.0,0.0,0.0,0.0,4
1.9,57.0,0.0,108.0,0.0,0.0,0.0,0.0,4
2.0,60.0,0.0,108.0,0.0,0.0,0.0,0.0,4
2.1,63.0,0.0,108.0,0.0,0.0,0.0,0.0,4
2.2,66.0,0.0,108.0,0.0,0.0,0.0,0.0,4
2.3,69.0,0.0,108.0,0.0,0.0,0.0,0.0,4
2.4,72.0,0.0,108.0,0.0,0.0,0.0,0.0,4
2.5,75.0,0.0,108.0,0.0,0.0,0.0,0.0,4
2.6,78.0,0.0,108.0,0.0,0.0,0.0,0.0,4
2.7,81.0,0.0,108.0,0.0,0.0,0.0,0.0,4
2.8,84.0,0.0,108.0,0.0,0.0,0.0,0.0,4
2.9,87.0,0.0,108.0,0.0,0.0,0.0,0.0,4
3.0,90.0,0.0,108.0,0.0,0.0,0.0,0.0,4
3.1,93.0,0.0,108.0,0.0,0.0,0.0,0.0,4
3.2,96.0,0.0,108.0,0.0,0.0,0.0,0.0,4
3.3,99.0,0.0,108.0,0.0,0.0,0.0,0.0,4
3.4,102.0,0.0,108.0,0.0,0.0,0.0,0.0,4
3.5,105.0,0.0,108.0,0.0,0.0,0.0,0.0,4
3.6,108.0,0.0,108.0,0.0,0.0,0.0,0.0,4
3.7,111.0,0.0,108.0,0.0,0.0,0.0,0.0,4
3.8,114.0,0.0,108.0,0.0,0.0,0.0,0.0,4
3.9,117.0,0.0,108.0,0.0,0.0,0.0,0.0,4
4.0,120.0,0.0,108.0,0.0,0.0,0.0,0.0,4
4.1,123.0,0.0,108.0,0.0,0.0,0.0,0.0,4
4.2,126.0,0.0,108.0,0.0,0.0,0.0,0.0,4
4.3,129.0,0.0,108.0,0.0,0.0,0.0,0.0,4
4.4,132.0,0.0,108.0,0.0,0.0,0.0,0.0,4
4.5,135.0,0.0,108.0,0.0,0.0,0.0,0.0,4
4.6,138.0,0.0,108.0,0.0,0.0,0.0,0.0,4
4.7,141.0,0.0,108.0,0.0,0.0,0.0,0.0,4
4.8,144.0,0.0,108.0,0.0,0.0,0.0,0.0,4
4.9,147.0,0.0,108.0,0.0,0.0,0.0,0.0,4
5.0,150.0,0.0,108.0,0.0,0.0,0.0,0.0,4
5.1,153.0,0.0,108.0,0.0,0.0,0.0,0.0,4
5.2,156.0,0.0,108.0,0.0,0.0,0.0,0.0,4
5.3,159.0,0.0,108.0,0.0,0.0,0.0,0.0,4
5.4,162.0,0.0,108.0,0.0,0.0,0.0,0.0,4
5.5,165.0,0.0,108.0,0.0,0.0,0.0,0.0,4
5.6,168.0,0.0,108.0,0.0,0.0,0.0,0.0,4
5.7,171.0,0.0,108.0,0.0,0.0,0.0,0.0,4
5.8,174.0,0.0,108.0,0.0,0.0,0.0,0.0,4
5.9,176.9849,0.0,105.84,-2.0338,0.0,0.1695,0.0,3
6.0,179.8646,0.0,101.52,-2.1197,0.0,0.1766,0.0,3
6.1,182.6246,0.0,97.2,-2.2132,0.0,0.1844,0.0,3
6.2,185.2644,0.0,92.88,-2.3152,0.0,0.1929,0.0,3
6.3,187.7844,0.0,88.56,-2.4271,0.0,0.2023,0.0,3
6.4,190.1844,0.0,84.24,-2.5503,0.0,0.2125,0.0,3
6.5,192.4648,0.0,79.92,-2.6865,0.0,0.2239,0.0,3
6.6,194.6244,0.0,75.6,-2.8381,0.0,0.2365,0.0,3
6.7,196.6642,0.0,71.28,-3.0076,0.0,0.2506,0.0,2
6.8,198.5844,0.0,66.96,-3.1984,0.0,0.2665,0.0,2
6.9,200.386,0.0,62.64,-3.415,0.0,0.2846,5.4738,2
7.0,202.1247,0.0875,62.354,0.0,0.0,0.0,7.125,2
7.1,203.848,0.3259,62.354,0.0,0.0,0.0,7.125,2
7.2,205.5443,0.7124,62.354,0.0,0.0,0.0,7.125,2
7.3,207.2002,1.246,62.354,0.0,0.0,0.0,7.125,2
7.4,208.8041,1.92,62.354,0.0,0.0,0.0,7.125,2
7.5,210.3424,2.7326,62.354,0.0,0.0,0.0,7.125,2
7.6,211.8057,3.6738,62.354,0.0,0.0,0.0,7.125,2
7.7,213.1798,4.7409,62.354,0.0,0.0,0.0,7.125,2
7.8,214.4579,5.9213,62.354,0.0,0.0,0.0,7.125,2
7.9,215.6266,7.21,62.354,0.0,0.0,0.0,7.125,2
8.0,216.6806,8.5942,62.354,0.0,0.0,0.0,7.125,2
8.1,217.609,10.0656,62.354,0.0,0.0,0.0,7.125,2
8.2,218.407,11.6115,62.354,0.0,0.0,0.0,7.125,2
8.3,219.067,13.2212,62.354,0.0,0.0,0.0,7.125,2
8.4,219.5848,14.8821,62.354,0.0,0.0,0.0,7.125,2
8.5,219.9566,16.5817,62.354,0.0,0.0,0.0,7.125,2
8.6,220.1786,18.3072,62.354,0.0,0.0,0.0,7.125,2
8.7,220.251,20.0455,62.354,0.0,0.0,0.0,7.125,2
8.8,220.1704,21.7834,62.354,0.0,0.0,0.0,7.125,2
8.9,219.9412,23.508,62.354,0.0,0.0,0.0,7.125,2
9.0,219.5605,25.2056,62.354,0.0,0.0,0.0,7.125,2
9.1,219.0363,26.8646,62.354,0.0,0.0,0.0,7.125,2
9.2,218.3672,28.4706,62.354,0.0,0.0,0.0,7.125,2
9.3,217.5633,30.0135,62.354,0.0,0.0,0.0,7.125,2
9.4,216.6267,31.4796,62.354,0.0,0.0,0.0,7.125,2
9.5,215.5674,32.8597,62.354,0.0,0.0,0.0,7.125,2
9.6,214.3915,34.1418,62.354,0.0,0.0,0.0,7.125,2
9.7,213.1089,35.3174,62.354,0.0,0.0,0.0,7.125,2
9.8,211.729,36.3769,62.354,0.0,0.0,0.0,7.125,2
9.9,210.2621,37.3122,62.354,0.0,0.0,0.0,7.125,2
10.0,208.7197,38.1172,62.354,0.0,0.0,0.0,7.125,2
10.1,207.1128,38.784,62.354,0.0,0.0,0.0,7.125,2
10.2,205.4546,39.3102,62.354,0.0,0.0,0.0,7.125,2
10.3,203.7564,39.6883,62.354,0.0,0.0,0.0,7.125,2
10.4,202.0321,39.9199,62.354,0.0,0.0,0.0,7.125,2
10.5,200.2942,39.9979,62.602,0.6902,0.138,0.0,3.7038,2
10.6,198.5307,40.0007,64.402,1.403,0.2806,0.0,0.0,2
10.7,196.7164,40.0036,66.202,1.3645,0.2729,0.0,0.0,2
10.8,194.8524,40.0065,68.002,1.3282,0.2656,0.0,0.0,2
10.9,192.9386,40.0096,69.802,1.2937,0.2587,0.0,0.0,2
11.0,190.9748,40.0127,71.602,1.2609,0.2522,0.0,0.0,2
11.1,188.9608,40.0159,73.402,1.2298,0.246,0.0,0.0,3
11.2,186.8967,40.0192,75.202,1.2002,0.24,0.0,0.0,3
11.3,184.7827,40.0226,77.002,1.172,0.2344,0.0,0.0,3
11.4,182.6189,40.026,78.802,1.1451,0.229,0.0,0.0,3
11.5,180.4049,40.0295,80.602,1.1194,0.2239,0.0,0.0,3
11.6,178.141,40.0331,82.402,1.0948,0.219,0.0,0.0,3
11.7,175.827,40.0368,84.202,1.0713,0.2143,0.0,0.0,3
11.8,173.4632,40.0406,86.002,1.0488,0.2098,0.0,0.0,3
11.9,171.0493,40.0444,87.802,1.0272,0.2054,0.0,0.0,3
12.0,168.5853,40.0484,89.602,1.0065,0.2013,0.0,0.0,3
12.1,166.0714,40.0524,91.402,0.9866,0.1973,0.0,0.0,3
12.2,163.5075,40.0564,93.202,0.9674,0.1935,0.0,0.0,3
12.3,160.8934,40.0606,95.002,0.9491,0.1898,0.0,0.0,3
12.4,158.2294,40.0648,96.802,0.9313,0.1863,0.0,0.0,3
12.5,155.5157,40.0692,98.602,0.9143,0.1829,0.0,0.0,3
12.6,152.7515,40.0736,100.402,0.8978,0.1796,0.0,0.0,3
12.7,149.9377,40.0781,102.202,0.882,0.1764,0.0,0.0,3
12.8,147.0738,40.0826,104.002,0.8667,0.1733,0.0,0.0,3
12.9,144.1598,40.0873,105.802,0.8519,0.1704,0.0,0.0,3
13.0,141.1958,40.092,107.602,0.8376,0.1675,0.0,0.0,3
13.1,138.1972,40.0968,108.0,0.0,0.0,0.0,0.0,4
13.2,135.1972,40.1015,108.0,0.0,0.0,0.0,0.0,4
13.3,132.1972,40.1063,108.0,0.0,0.0,0.0,0.0,4
13.4,129.1972,40.1111,108.0,0.0,0.0,0.0,0.0,4
13.5,126.1977,40.1159,107.757,-0.6743,0.0,0.0562,0.0,3
13.6,123.2616,40.1205,103.555,-2.0784,0.0,0.1732,0.0,3
13.7,120.4449,40.125,99.235,-2.1681,0.0,0.1807,-0.5122,3
13.8,117.7059,40.1959,98.59,0.0,0.0,0.0,-2.8624,3
13.9,114.9765,40.416,98.59,0.0,0.0,0.0,-2.8624,3
14.0,112.2633,40.7858,98.59,0.0,0.0,0.0,-2.8624,3
14.1,109.5743,41.3028,98.59,0.0,0.0,0.0,-2.8624,3
14.2,106.9179,41.9671,98.59,0.0,0.0,0.0,-2.8624,3
14.3,104.3015,42.775,98.59,0.0,0.0,0.0,-2.8624,3
14.4,101.7336,43.7258,98.59,0.0,0.0,0.0,-2.8624,3
14.5,99.2212,44.8147,98.59,0.0,0.0,0.0,-2.8624,3
14.6,96.7727,46.0407,98.59,0.0,0.0,0.0,-2.8624,3
14.7,94.3944,47.3979,98.59,0.0,0.0,0.0,-2.8624,3
14.8,92.0946,48.884,98.59,0.0,0.0,0.0,-2.8624,3
14.9,89.879,50.4932,98.59,0.0,0.0,0.0,-2.8624,3
15.0,87.7553,52.2218,98.59,0.0,0.0,0.0,-2.8624,3
15.1,85.729,54.0636,98.59,0.0,0.0,0.0,-2.8624,3
15.2,83.807,56.0139,98.59,0.0,0.0,0.0,-2.8624,3
15.3,81.9943,58.0663,98.59,0.0,0.0,0.0,-2.8624,3
15.4,80.2969,60.215,98.59,0.0,0.0,0.0,-2.8624,3
15.5,78.7195,62.4533,98.59,0.0,0.0,0.0,-2.8624,3
15.6,77.2671,64.7746,98.59,0.0,0.0,0.0,-2.8624,3
15.7,75.944,67.1719,98.59,0.0,0.0,0.0,-2.8624,3
15.8,74.754,69.6381,98.59,0.0,0.0,0.0,-2.8624,3
15.9,73.7009,72.1658,98.59,0.0,0.0,0.0,-2.8624,3
16.0,72.7875,74.7472,98.59,0.0,0.0,0.0,-2.8624,3
16.1,72.0173,77.3749,98.59,0.0,0.0,0.0,-2.8624,3
16.2,71.3982,80.0074,95.346,-2.2558,0.0,0.188,-2.8624,3
16.3,70.9406,82.5546,91.026,-2.3619,0.0,0.1968,-2.8624,3
16.4,70.6271,85.0029,86.706,-2.4785,0.0,0.2065,-2.8624,3
16.5,70.4415,87.3438,82.386,-2.607,0.0,0.2172,-2.8624,3
16.6,70.3674,89.5706,78.066,-2.7495,0.0,0.2291,-2.8624,3
16.7,70.3253,91.7242,76.368,0.0,0.0,0.0,4.7636,3
16.8,70.1392,93.8643,76.368,0.0,0.0,0.0,4.7636,3
16.9,69.8005,95.9857,76.368,0.0,0.0,0.0,4.7636,3
17.0,69.3097,98.0771,76.368,0.0,0.0,0.0,4.7636,3
17.1,68.6711,100.1281,76.368,0.0,0.0,0.0,4.7636,3
17.2,67.8878,102.1284,76.368,0.0,0.0,0.0,4.7636,3
17.3,66.9635,104.0677,76.368,0.0,0.0,0.0,4.7636,3
17.4,65.9017,105.9351,76.368,0.0,0.0,0.0,4.7636,3
17.5,64.7094,107.7221,76.368,0.0,0.0,0.0,4.7636,3
17.6,63.3927,109.4194,76.368,0.0,0.0,0.0,4.7636,3
17.7,61.9583,111.0186,76.368,0.0,0.0,0.0,4.7636,3
17.8,60.412,112.5098,76.368,0.0,0.0,0.0,4.7636,3
17.9,58.7633,113.887,76.368,0.0,0.0,0.0,4.7636,3
18.0,57.0206,115.143,76.368,0.0,0.0,0.0,4.7636,3
18.1,55.1927,116.2716,76.368,0.0,0.0,0.0,-4.491,3
18.2,53.3829,117.429,76.368,0.0,0.0,0.0,-4.7636,3
18.3,51.6604,118.7127,76.368,0.0,0.0,0.0,-4.7636,3
18.4,50.0339,120.116,76.368,0.0,0.0,0.0,-4.7636,3
18.5,48.5117,121.6318,76.368,0.0,0.0,0.0,-4.7636,3
18.6,47.1026,123.2533,76.368,0.0,0.0,0.0,-4.7636,3
18.7,45.8132,124.9715,76.368,0.0,0.0,0.0,-4.7636,3
18.8,44.6496,126.7772,76.368,0.0,0.0,0.0,-4.7636,3
18.9,43.6177,128.6614,76.368,0.0,0.0,0.0,-4.7636,3
19.0,42.7241,130.6149,76.368,0.0,0.0,0.0,-4.7636,3
19.1,41.9728,132.6275,76.368,0.0,0.0,0.0,-4.7636,3
19.2,41.367,134.6885,76.368,0.0,0.0,0.0,-4.7636,3
19.3,40.9098,136.7875,76.368,0.0,0.0,0.0,-4.7636,3
19.4,40.6045,138.9139,76.368,0.0,0.0,0.0,-4.7636,3
19.5,40.4526,141.0567,76.368,0.0,0.0,0.0,-4.7636,3
19.6,40.4278,143.2006,77.475,1.1648,0.233,0.0,1.7899,3
19.7,40.3711,145.3807,79.275,1.1382,0.2276,0.0,1.7899,3
19.8,40.2508,147.6091,81.075,1.1128,0.2226,0.0,1.7899,3
19.9,40.0645,149.8825,82.875,1.0885,0.2177,0.0,1.7899,3
20.0,39.8063,152.1999,84.675,1.0653,0.2131,0.0,1.7899,3
20.1,39.4734,154.5581,86.475,1.043,0.2086,0.0,1.7899,3
20.2,39.0613,156.9544,88.275,1.0217,0.2043,0.0,1.7899,3
20.3,38.5657,159.3862,90.075,1.0012,0.2002,0.0,1.7899,3
20.4,37.9826,161.8499,91.875,0.9815,0.1963,0.0,1.7899,3
20.5,37.308,164.3422,93.675,0.9625,0.1925,0.0,1.7899,3
20.6,36.5379,166.859,95.475,0.9443,0.1889,0.0,1.7899,3
20.7,35.6688,169.3962,97.275,0.9268,0.1854,0.0,1.7899,3
20.8,34.6958,171.9494,99.075,0.9099,0.182,0.0,1.7899,3
20.9,33.6167,174.5137,100.875,0.8936,0.1787,0.0,1.7899,3
21.0,32.4265,177.084,102.675,0.8779,0.1756,0.0,1.7899,3
21.1,31.1229,179.6548,104.475,0.8627,0.1725,0.0,1.7899,3
21.2,29.7027,182.2204,106.275,0.8481,0.1696,0.0,1.7899,3
21.3,28.1627,184.7745,108.0,0.6251,0.125,0.0,1.7899,3
21.4,26.5156,187.2885,108.0,0.0,0.0,0.0,1.7899,4
21.5,24.7752,189.7389,108.0,0.0,0.0,0.0,1.7899,4
21.6,22.944,192.1222,108.0,0.0,0.0,0.0,1.7899,4
21.7,21.0245,194.435,108.0,0.0,0.0,0.0,1.7899,4
21.8,19.0195,196.6741,108.0,0.0,0.0,0.0,1.7899,4
21.9,16.9319,198.8363,108.0,0.0,0.0,0.0,1.7899,4
22.0,14.7645,200.9185,108.0,0.0,0.0,0.0,1.7899,4
22.1,12.5204,202.9179,108.0,0.0,0.0,0.0,1.7899,4
22.2,10.2028,204.8315,108.0,0.0,0.0,0.0,1.7899,4
22.3,7.8149,206.6568,108.0,0.0,0.0,0.0,1.7899,4
22.4,5.3602,208.391,108.0,0.0,0.0,0.0,1.7899,4
22.5,2.842,210.0319,108.0,0.0,0.0,0.0,1.7899,4
22.6,0.264,211.5769,108.0,0.0,0.0,0.0,1.7899,4
22.7,-2.3702,213.0241,108.0,0.0,0.0,0.0,1.7899,4
22.8,-5.0569,214.3713,108.0,0.0,0.0,0.0,1.7899,4
22.9,-7.7924,215.6166,108.0,0.0,0.0,0.0,1.7899,4
23.0,-10.5726,216.7583,108.0,0.0,0.0,0.0,1.7899,4
23.1,-13.3938,217.7947,108.0,0.0,0.0,0.0,1.7899,4
23.2,-16.252,218.7244,108.0,0.0,0.0,0.0,1.7899,4
23.3,-19.143,219.5462,108.0,0.0,0.0,0.0,1.7899,4
23.4,-22.0629,220.2587,108.0,0.0,0.0,0.0,1.7899,4
23.5,-25.0075,220.8611,108.0,0.0,0.0,0.0,1.7899,4
23.6,-27.9726,221.3524,108.0,0.0,0.0,0.0,1.7899,4
23.7,-30.9541,221.732,108.0,0.0,0.0,0.0,1.7899,4
23.8,-33.9477,221.9993,108.0,0.0,0.0,0.0,1.7899,4
23.9,-36.9493,222.1541,108.0,0.0,0.0,0.0,1.7899,4
24.0,-39.9546,222.1959,108.0,0.0,0.0,0.0,1.7899,4
24.1,-42.9593,222.1248,108.0,0.0,0.0,0.0,1.7899,4
24.2,-45.9592,221.9409,108.0,0.0,0.0,0.0,1.7899,4
24.3,-48.9501,221.6445,108.0,0.0,0.0,0.0,1.7899,4
24.4,-51.9278,221.2359,108.0,0.0,0.0,0.0,1.7899,4
24.5,-54.888,220.7158,108.0,0.0,0.0,0.0,1.7899,4
24.6,-57.8266,220.0848,108.0,0.0,0.0,0.0,1.7899,4
24.7,-60.7394,219.3439,108.0,0.0,0.0,0.0,1.7899,4
24.8,-63.6223,218.4941,108.0,0.0,0.0,0.0,1.7899,4
24.9,-66.4713,217.5366,108.0,0.0,0.0,0.0,1.7899,4
25.0,-69.2823,216.4728,108.0,0.0,0.0,0.0,1.7899,4
25.1,-72.0513,215.3041,108.0,0.0,0.0,0.0,1.7899,4
25.2,-74.7745,214.0323,108.0,0.0,0.0,0.0,1.7899,4
25.3,-77.448,212.6591,108.0,0.0,0.0,0.0,1.7899,4
25.4,-80.068,211.1863,108.0,0.0,0.0,0.0,1.7899,4
25.5,-82.6309,209.6163,108.0,0.0,0.0,0.0,1.7899,4
25.6,-85.133,207.951,108.0,0.0,0.0,0.0,1.7899,4
25.7,-87.5707,206.193,108.0,0.0,0.0,0.0,1.7899,4
25.8,-89.9407,204.3446,108.0,0.0,0.0,0.0,1.7899,4
25.9,-92.2396,202.4085,108.0,0.0,0.0,0.0,1.7899,4
26.0,-94.4642,200.3874,108.0,0.0,0.0,0.0,1.7899,4
26.1,-96.6112,198.2842,108.0,0.0,0.0,0.0,1.7899,4
26.2,-98.6778,196.1018,108.0,0.0,0.0,0.0,1.7899,4
26.3,-100.6609,193.8434,108.0,0.0,0.0,0.0,1.7899,4
26.4,-102.5577,191.512,108.0,0.0,0.0,0.0,1.7899,4
26.5,-104.3657,189.111,108.0,0.0,0.0,0.0,1.7899,4
26.6,-106.0822,186.6438,108.0,0.0,0.0,0.0,1.7899,4
26.7,-107.7048,184.1139,108.0,0.0,0.0,0.0,1.7899,4
26.8,-109.2342,181.529,108.0,0.0,0.0,0.0,0.0,4
26.9,-110.7376,178.9329,108.0,0.0,0.0,0.0,0.0,4
27.0,-112.2409,176.3368,108.0,0.0,0.0,0.0,0.0,4
27.1,-113.7443,173.7406,108.0,0.0,0.0,0.0,0.0,4
27.2,-115.2476,171.1445,108.0,0.0,0.0,0.0,0.0,4
27.3,-116.751,168.5483,108.0,0.0,0.0,0.0,0.0,4
27.4,-118.2543,165.9522,108.0,0.0,0.0,0.0,0.0,4
27.5,-119.7577,163.3561,108.0,0.0,0.0,0.0,0.0,4
27.6,-121.261,160.7599,108.0,0.0,0.0,0.0,0.0,4
27.7,-122.7644,158.1638,108.0,0.0,0.0,0.0,0.0,4
27.8,-124.2677,155.5676,108.0,0.0,0.0,0.0,0.0,4
27.9,-125.7711,152.9715,108.0,0.0,0.0,0.0,0.0,4
28.0,-127.2745,150.3754,108.0,0.0,0.0,0.0,0.0,4
28.1,-128.7778,147.7792,108.0,0.0,0.0,0.0,0.0,4
28.2,-130.2812,145.1831,108.0,0.0,0.0,0.0,0.0,4
28.3,-131.7845,142.587,108.0,0.0,0.0,0.0,0.0,4
28.4,-133.2879,139.9908,108.0,0.0,0.0,0.0,0.0,4
